startTime,generation
2024-01-01 00:00:00+00:00,10402
2024-01-01 00:30:00+00:00,10845
2024-01-01 01:00:00+00:00,11218
2024-01-01 01:30:00+00:00,11223
2024-01-01 02:00:00+00:00,11234
2024-01-01 02:30:00+00:00,11437
2024-01-01 03:00:00+00:00,11434
2024-01-01 03:30:00+00:00,11445
2024-01-01 04:00:00+00:00,11828
2024-01-01 04:30:00+00:00,11878
2024-01-01 05:00:00+00:00,12037
2024-01-01 05:30:00+00:00,12011
2024-01-01 06:00:00+00:00,12044
2024-01-01 06:30:00+00:00,12183
2024-01-01 07:00:00+00:00,12303
2024-01-01 07:30:00+00:00,12307
2024-01-01 08:00:00+00:00,12361
2024-01-01 08:30:00+00:00,12218
2024-01-01 09:00:00+00:00,12017
2024-01-01 09:30:00+00:00,11817
2024-01-01 10:00:00+00:00,11379
2024-01-01 10:30:00+00:00,10932
2024-01-01 11:00:00+00:00,10679
2024-01-01 11:30:00+00:00,10217
2024-01-01 12:00:00+00:00,9828
2024-01-01 12:30:00+00:00,9548
2024-01-01 13:00:00+00:00,8874
2024-01-01 13:30:00+00:00,8495
2024-01-01 14:00:00+00:00,8058
2024-01-01 14:30:00+00:00,8098
2024-01-01 15:00:00+00:00,8162
2024-01-01 15:30:00+00:00,8058
2024-01-01 16:00:00+00:00,8634
2024-01-01 16:30:00+00:00,9091
2024-01-01 17:00:00+00:00,9204
2024-01-01 17:30:00+00:00,9290
2024-01-01 18:00:00+00:00,9665
2024-01-01 18:30:00+00:00,10443
2024-01-01 19:00:00+00:00,11212
2024-01-01 19:30:00+00:00,12055
2024-01-01 20:00:00+00:00,12519
2024-01-01 20:30:00+00:00,13279
2024-01-01 21:00:00+00:00,13953
2024-01-01 21:30:00+00:00,13845
2024-01-01 22:00:00+00:00,14217
2024-01-01 22:30:00+00:00,14306
2024-01-01 23:00:00+00:00,14958
2024-01-01 23:30:00+00:00,14666
2024-01-02 00:00:00+00:00,14690
2024-01-02 00:30:00+00:00,14510
2024-01-02 01:00:00+00:00,14592
2024-01-02 01:30:00+00:00,14388
2024-01-02 02:00:00+00:00,14032
2024-01-02 02:30:00+00:00,13748
2024-01-02 03:00:00+00:00,13403
2024-01-02 03:30:00+00:00,13232
2024-01-02 04:00:00+00:00,13245
2024-01-02 04:30:00+00:00,13041
2024-01-02 05:00:00+00:00,12635
2024-01-02 05:30:00+00:00,12711
2024-01-02 06:00:00+00:00,12764
2024-01-02 06:30:00+00:00,12323
2024-01-02 07:00:00+00:00,11925
2024-01-02 07:30:00+00:00,11711
2024-01-02 08:00:00+00:00,11866
2024-01-02 08:30:00+00:00,12035
2024-01-02 09:00:00+00:00,11505
2024-01-02 09:30:00+00:00,10760
2024-01-02 10:00:00+00:00,10399
2024-01-02 10:30:00+00:00,9546
2024-01-02 11:00:00+00:00,8795
2024-01-02 11:30:00+00:00,8667
2024-01-02 12:00:00+00:00,8281
2024-01-02 12:30:00+00:00,7557
2024-01-02 13:00:00+00:00,7344
2024-01-02 13:30:00+00:00,7180
2024-01-02 14:00:00+00:00,7249
2024-01-02 14:30:00+00:00,7672
2024-01-02 15:00:00+00:00,7870
2024-01-02 15:30:00+00:00,8115
2024-01-02 16:00:00+00:00,8208
2024-01-02 16:30:00+00:00,8935
2024-01-02 17:00:00+00:00,9635
2024-01-02 17:30:00+00:00,9771
2024-01-02 18:00:00+00:00,10183
2024-01-02 18:30:00+00:00,10043
2024-01-02 19:00:00+00:00,9919
2024-01-02 19:30:00+00:00,10271
2024-01-02 20:00:00+00:00,11051
2024-01-02 20:30:00+00:00,11338
2024-01-02 21:00:00+00:00,11263
2024-01-02 21:30:00+00:00,11467
2024-01-02 22:00:00+00:00,11480
2024-01-02 22:30:00+00:00,11364
2024-01-02 23:00:00+00:00,10992
2024-01-02 23:30:00+00:00,10922
2024-01-03 00:00:00+00:00,10672
2024-01-03 00:30:00+00:00,10530
2024-01-03 01:00:00+00:00,10293
2024-01-03 01:30:00+00:00,10418
2024-01-03 02:00:00+00:00,10226
2024-01-03 02:30:00+00:00,9940
2024-01-03 03:00:00+00:00,10059
2024-01-03 03:30:00+00:00,9889
2024-01-03 04:00:00+00:00,9599
2024-01-03 04:30:00+00:00,9680
2024-01-03 05:00:00+00:00,9463
2024-01-03 05:30:00+00:00,9484
2024-01-03 06:00:00+00:00,9387
2024-01-03 06:30:00+00:00,9326
2024-01-03 07:00:00+00:00,8927
2024-01-03 07:30:00+00:00,8565
2024-01-03 08:00:00+00:00,8396
2024-01-03 08:30:00+00:00,7841
2024-01-03 09:00:00+00:00,7245
2024-01-03 09:30:00+00:00,6934
2024-01-03 10:00:00+00:00,6794
2024-01-03 10:30:00+00:00,6620
2024-01-03 11:00:00+00:00,6484
2024-01-03 11:30:00+00:00,6258
2024-01-03 12:00:00+00:00,6200
2024-01-03 12:30:00+00:00,6088
2024-01-03 13:00:00+00:00,5823
2024-01-03 13:30:00+00:00,5825
2024-01-03 14:00:00+00:00,5928
2024-01-03 14:30:00+00:00,5826
2024-01-03 15:00:00+00:00,6052
2024-01-03 15:30:00+00:00,6367
2024-01-03 16:00:00+00:00,6591
2024-01-03 16:30:00+00:00,6805
2024-01-03 17:00:00+00:00,7044
2024-01-03 17:30:00+00:00,7119
2024-01-03 18:00:00+00:00,7192
2024-01-03 18:30:00+00:00,7171
2024-01-03 19:00:00+00:00,7131
2024-01-03 19:30:00+00:00,7150
2024-01-03 20:00:00+00:00,7039
2024-01-03 20:30:00+00:00,7005
2024-01-03 21:00:00+00:00,6945
2024-01-03 21:30:00+00:00,6773
2024-01-03 22:00:00+00:00,6611
2024-01-03 22:30:00+00:00,6680
2024-01-03 23:00:00+00:00,6813
2024-01-03 23:30:00+00:00,6793
2024-01-04 00:00:00+00:00,7112
2024-01-04 00:30:00+00:00,7536
2024-01-04 01:00:00+00:00,7743
2024-01-04 01:30:00+00:00,8071
2024-01-04 02:00:00+00:00,8269
2024-01-04 02:30:00+00:00,8255
2024-01-04 03:00:00+00:00,8118
2024-01-04 03:30:00+00:00,7866
2024-01-04 04:00:00+00:00,7666
2024-01-04 04:30:00+00:00,7708
2024-01-04 05:00:00+00:00,7859
2024-01-04 05:30:00+00:00,8218
2024-01-04 06:00:00+00:00,8359
2024-01-04 06:30:00+00:00,8212
2024-01-04 07:00:00+00:00,7815
2024-01-04 07:30:00+00:00,7266
2024-01-04 08:00:00+00:00,6880
2024-01-04 08:30:00+00:00,6898
2024-01-04 09:00:00+00:00,6841
2024-01-04 09:30:00+00:00,6731
2024-01-04 10:00:00+00:00,6394
2024-01-04 10:30:00+00:00,6032
2024-01-04 11:00:00+00:00,5193
2024-01-04 11:30:00+00:00,4691
2024-01-04 12:00:00+00:00,4421
2024-01-04 12:30:00+00:00,4091
2024-01-04 13:00:00+00:00,3544
2024-01-04 13:30:00+00:00,3291
2024-01-04 14:00:00+00:00,3394
2024-01-04 14:30:00+00:00,3168
2024-01-04 15:00:00+00:00,2988
2024-01-04 15:30:00+00:00,3004
2024-01-04 16:00:00+00:00,3039
2024-01-04 16:30:00+00:00,3074
2024-01-04 17:00:00+00:00,3204
2024-01-04 17:30:00+00:00,3277
2024-01-04 18:00:00+00:00,3862
2024-01-04 18:30:00+00:00,4177
2024-01-04 19:00:00+00:00,4459
2024-01-04 19:30:00+00:00,4669
2024-01-04 20:00:00+00:00,4751
2024-01-04 20:30:00+00:00,5048
2024-01-04 21:00:00+00:00,5331
2024-01-04 21:30:00+00:00,5361
2024-01-04 22:00:00+00:00,5052
2024-01-04 22:30:00+00:00,5148
2024-01-04 23:00:00+00:00,5263
2024-01-04 23:30:00+00:00,5428
2024-01-05 00:00:00+00:00,5740
2024-01-05 00:30:00+00:00,5799
2024-01-05 01:00:00+00:00,5813
2024-01-05 01:30:00+00:00,6007
2024-01-05 02:00:00+00:00,5990
2024-01-05 02:30:00+00:00,6535
2024-01-05 03:00:00+00:00,6547
2024-01-05 03:30:00+00:00,6637
2024-01-05 04:00:00+00:00,6416
2024-01-05 04:30:00+00:00,6393
2024-01-05 05:00:00+00:00,6485
2024-01-05 05:30:00+00:00,7266
2024-01-05 06:00:00+00:00,7916
2024-01-05 06:30:00+00:00,8154
2024-01-05 07:00:00+00:00,8250
2024-01-05 07:30:00+00:00,8265
2024-01-05 08:00:00+00:00,8316
2024-01-05 08:30:00+00:00,8672
2024-01-05 09:00:00+00:00,8545
2024-01-05 09:30:00+00:00,8173
2024-01-05 10:00:00+00:00,8007
2024-01-05 10:30:00+00:00,7973
2024-01-05 11:00:00+00:00,8164
2024-01-05 11:30:00+00:00,8430
2024-01-05 12:00:00+00:00,8539
2024-01-05 12:30:00+00:00,8670
2024-01-05 13:00:00+00:00,8724
2024-01-05 13:30:00+00:00,8771
2024-01-05 14:00:00+00:00,8984
2024-01-05 14:30:00+00:00,8839
2024-01-05 15:00:00+00:00,8657
2024-01-05 15:30:00+00:00,8476
2024-01-05 16:00:00+00:00,8416
2024-01-05 16:30:00+00:00,8259
2024-01-05 17:00:00+00:00,7986
2024-01-05 17:30:00+00:00,7852
2024-01-05 18:00:00+00:00,7790
2024-01-05 18:30:00+00:00,7484
2024-01-05 19:00:00+00:00,7236
2024-01-05 19:30:00+00:00,7284
2024-01-05 20:00:00+00:00,7104
2024-01-05 20:30:00+00:00,6659
2024-01-05 21:00:00+00:00,6579
2024-01-05 21:30:00+00:00,6555
2024-01-05 22:00:00+00:00,6280
2024-01-05 22:30:00+00:00,6020
2024-01-05 23:00:00+00:00,5845
2024-01-05 23:30:00+00:00,5746
2024-01-06 00:00:00+00:00,5741
2024-01-06 00:30:00+00:00,5860
2024-01-06 01:00:00+00:00,5877
2024-01-06 01:30:00+00:00,6004
2024-01-06 02:00:00+00:00,6107
2024-01-06 02:30:00+00:00,6127
2024-01-06 03:00:00+00:00,6074
2024-01-06 03:30:00+00:00,5968
2024-01-06 04:00:00+00:00,5871
2024-01-06 04:30:00+00:00,5784
2024-01-06 05:00:00+00:00,5734
2024-01-06 05:30:00+00:00,5687
2024-01-06 06:00:00+00:00,5712
2024-01-06 06:30:00+00:00,5868
2024-01-06 07:00:00+00:00,6033
2024-01-06 07:30:00+00:00,5887
2024-01-06 08:00:00+00:00,5771
2024-01-06 08:30:00+00:00,5610
2024-01-06 09:00:00+00:00,5244
2024-01-06 09:30:00+00:00,5113
2024-01-06 10:00:00+00:00,4940
2024-01-06 10:30:00+00:00,4782
2024-01-06 11:00:00+00:00,4696
2024-01-06 11:30:00+00:00,4599
2024-01-06 12:00:00+00:00,4362
2024-01-06 12:30:00+00:00,4529
2024-01-06 13:00:00+00:00,4591
2024-01-06 13:30:00+00:00,4683
2024-01-06 14:00:00+00:00,4539
2024-01-06 14:30:00+00:00,4613
2024-01-06 15:00:00+00:00,4631
2024-01-06 15:30:00+00:00,4864
2024-01-06 16:00:00+00:00,5248
2024-01-06 16:30:00+00:00,5194
2024-01-06 17:00:00+00:00,5212
2024-01-06 17:30:00+00:00,5203
2024-01-06 18:00:00+00:00,5050
2024-01-06 18:30:00+00:00,4778
2024-01-06 19:00:00+00:00,4878
2024-01-06 19:30:00+00:00,4946
2024-01-06 20:00:00+00:00,5132
2024-01-06 20:30:00+00:00,4911
2024-01-06 21:00:00+00:00,4916
2024-01-06 21:30:00+00:00,4906
2024-01-06 22:00:00+00:00,5090
2024-01-06 22:30:00+00:00,5275
2024-01-06 23:00:00+00:00,5175
2024-01-06 23:30:00+00:00,5390
2024-01-07 00:00:00+00:00,5708
2024-01-07 00:30:00+00:00,5552
2024-01-07 01:00:00+00:00,5803
2024-01-07 01:30:00+00:00,5946
2024-01-07 02:00:00+00:00,5904
2024-01-07 02:30:00+00:00,5770
2024-01-07 03:00:00+00:00,5881
2024-01-07 03:30:00+00:00,6176
2024-01-07 04:00:00+00:00,6342
2024-01-07 04:30:00+00:00,6066
2024-01-07 05:00:00+00:00,6290
2024-01-07 05:30:00+00:00,6434
2024-01-07 06:00:00+00:00,6402
2024-01-07 06:30:00+00:00,6440
2024-01-07 07:00:00+00:00,6138
2024-01-07 07:30:00+00:00,6109
2024-01-07 08:00:00+00:00,6044
2024-01-07 08:30:00+00:00,5612
2024-01-07 09:00:00+00:00,5549
2024-01-07 09:30:00+00:00,5385
2024-01-07 10:00:00+00:00,5311
2024-01-07 10:30:00+00:00,5015
2024-01-07 11:00:00+00:00,4848
2024-01-07 11:30:00+00:00,4648
2024-01-07 12:00:00+00:00,4435
2024-01-07 12:30:00+00:00,4391
2024-01-07 13:00:00+00:00,4437
2024-01-07 13:30:00+00:00,4327
2024-01-07 14:00:00+00:00,4332
2024-01-07 14:30:00+00:00,4352
2024-01-07 15:00:00+00:00,4325
2024-01-07 15:30:00+00:00,4315
2024-01-07 16:00:00+00:00,4299
2024-01-07 16:30:00+00:00,4305
2024-01-07 17:00:00+00:00,4316
2024-01-07 17:30:00+00:00,4325
2024-01-07 18:00:00+00:00,4324
2024-01-07 18:30:00+00:00,4281
2024-01-07 19:00:00+00:00,4202
2024-01-07 19:30:00+00:00,4169
2024-01-07 20:00:00+00:00,4032
2024-01-07 20:30:00+00:00,4017
2024-01-07 21:00:00+00:00,3992
2024-01-07 21:30:00+00:00,4030
2024-01-07 22:00:00+00:00,3994
2024-01-07 22:30:00+00:00,4100
2024-01-07 23:00:00+00:00,4242
2024-01-07 23:30:00+00:00,4275
2024-01-08 00:00:00+00:00,4629
2024-01-08 00:30:00+00:00,4730
2024-01-08 01:00:00+00:00,5033
2024-01-08 01:30:00+00:00,5215
2024-01-08 02:00:00+00:00,5342
2024-01-08 02:30:00+00:00,6043
2024-01-08 03:00:00+00:00,6274
2024-01-08 03:30:00+00:00,6533
2024-01-08 04:00:00+00:00,6980
2024-01-08 04:30:00+00:00,6945
2024-01-08 05:00:00+00:00,7381
2024-01-08 05:30:00+00:00,7292
2024-01-08 06:00:00+00:00,7472
2024-01-08 06:30:00+00:00,7502
2024-01-08 07:00:00+00:00,7640
2024-01-08 07:30:00+00:00,8031
2024-01-08 08:00:00+00:00,8230
2024-01-08 08:30:00+00:00,8551
2024-01-08 09:00:00+00:00,8833
2024-01-08 09:30:00+00:00,9199
2024-01-08 10:00:00+00:00,9334
2024-01-08 10:30:00+00:00,9545
2024-01-08 11:00:00+00:00,9777
2024-01-08 11:30:00+00:00,9986
2024-01-08 12:00:00+00:00,10111
2024-01-08 12:30:00+00:00,10163
2024-01-08 13:00:00+00:00,10469
2024-01-08 13:30:00+00:00,10499
2024-01-08 14:00:00+00:00,10377
2024-01-08 14:30:00+00:00,10226
2024-01-08 15:00:00+00:00,10317
2024-01-08 15:30:00+00:00,10616
2024-01-08 16:00:00+00:00,10769
2024-01-08 16:30:00+00:00,10783
2024-01-08 17:00:00+00:00,10919
2024-01-08 17:30:00+00:00,11535
2024-01-08 18:00:00+00:00,11362
2024-01-08 18:30:00+00:00,11439
2024-01-08 19:00:00+00:00,11412
2024-01-08 19:30:00+00:00,11371
2024-01-08 20:00:00+00:00,11536
2024-01-08 20:30:00+00:00,11592
2024-01-08 21:00:00+00:00,11660
2024-01-08 21:30:00+00:00,11738
2024-01-08 22:00:00+00:00,11616
2024-01-08 22:30:00+00:00,11782
2024-01-08 23:00:00+00:00,11895
2024-01-08 23:30:00+00:00,11909
2024-01-09 00:00:00+00:00,11819
2024-01-09 00:30:00+00:00,11652
2024-01-09 01:00:00+00:00,11440
2024-01-09 01:30:00+00:00,11277
2024-01-09 02:00:00+00:00,11298
2024-01-09 02:30:00+00:00,11381
2024-01-09 03:00:00+00:00,11356
2024-01-09 03:30:00+00:00,11480
2024-01-09 04:00:00+00:00,11574
2024-01-09 04:30:00+00:00,11558
2024-01-09 05:00:00+00:00,11483
2024-01-09 05:30:00+00:00,11558
2024-01-09 06:00:00+00:00,11659
2024-01-09 06:30:00+00:00,11944
2024-01-09 07:00:00+00:00,12192
2024-01-09 07:30:00+00:00,12320
2024-01-09 08:00:00+00:00,12298
2024-01-09 08:30:00+00:00,12385
2024-01-09 09:00:00+00:00,12411
2024-01-09 09:30:00+00:00,12380
2024-01-09 10:00:00+00:00,12481
2024-01-09 10:30:00+00:00,12374
2024-01-09 11:00:00+00:00,12275
2024-01-09 11:30:00+00:00,12042
2024-01-09 12:00:00+00:00,11866
2024-01-09 12:30:00+00:00,11886
2024-01-09 13:00:00+00:00,11806
2024-01-09 13:30:00+00:00,11550
2024-01-09 14:00:00+00:00,11493
2024-01-09 14:30:00+00:00,11161
2024-01-09 15:00:00+00:00,10939
2024-01-09 15:30:00+00:00,11024
2024-01-09 16:00:00+00:00,11052
2024-01-09 16:30:00+00:00,11000
2024-01-09 17:00:00+00:00,11135
2024-01-09 17:30:00+00:00,11313
2024-01-09 18:00:00+00:00,11240
2024-01-09 18:30:00+00:00,11395
2024-01-09 19:00:00+00:00,11476
2024-01-09 19:30:00+00:00,11504
2024-01-09 20:00:00+00:00,11428
2024-01-09 20:30:00+00:00,11228
2024-01-09 21:00:00+00:00,11128
2024-01-09 21:30:00+00:00,10915
2024-01-09 22:00:00+00:00,11005
2024-01-09 22:30:00+00:00,10866
2024-01-09 23:00:00+00:00,10685
2024-01-09 23:30:00+00:00,10364
2024-01-10 00:00:00+00:00,10003
2024-01-10 00:30:00+00:00,9663
2024-01-10 01:00:00+00:00,9662
2024-01-10 01:30:00+00:00,9498
2024-01-10 02:00:00+00:00,8765
2024-01-10 02:30:00+00:00,8269
2024-01-10 03:00:00+00:00,7933
2024-01-10 03:30:00+00:00,7910
2024-01-10 04:00:00+00:00,7728
2024-01-10 04:30:00+00:00,7581
2024-01-10 05:00:00+00:00,7538
2024-01-10 05:30:00+00:00,7423
2024-01-10 06:00:00+00:00,7277
2024-01-10 06:30:00+00:00,7070
2024-01-10 07:00:00+00:00,6908
2024-01-10 07:30:00+00:00,6740
2024-01-10 08:00:00+00:00,6625
2024-01-10 08:30:00+00:00,6547
2024-01-10 09:00:00+00:00,6420
2024-01-10 09:30:00+00:00,6497
2024-01-10 10:00:00+00:00,6564
2024-01-10 10:30:00+00:00,6734
2024-01-10 11:00:00+00:00,6752
2024-01-10 11:30:00+00:00,6771
2024-01-10 12:00:00+00:00,6774
2024-01-10 12:30:00+00:00,6969
2024-01-10 13:00:00+00:00,7172
2024-01-10 13:30:00+00:00,7338
2024-01-10 14:00:00+00:00,7684
2024-01-10 14:30:00+00:00,7899
2024-01-10 15:00:00+00:00,8027
2024-01-10 15:30:00+00:00,8042
2024-01-10 16:00:00+00:00,6983
2024-01-10 16:30:00+00:00,8777
2024-01-10 17:00:00+00:00,8970
2024-01-10 17:30:00+00:00,9026
2024-01-10 18:00:00+00:00,8944
2024-01-10 18:30:00+00:00,8926
2024-01-10 19:00:00+00:00,8831
2024-01-10 19:30:00+00:00,8987
2024-01-10 20:00:00+00:00,8785
2024-01-10 20:30:00+00:00,8520
2024-01-10 21:00:00+00:00,8234
2024-01-10 21:30:00+00:00,7743
2024-01-10 22:00:00+00:00,6978
2024-01-10 22:30:00+00:00,6800
2024-01-10 23:00:00+00:00,6690
2024-01-10 23:30:00+00:00,6737
2024-01-11 00:00:00+00:00,6538
2024-01-11 00:30:00+00:00,6372
2024-01-11 01:00:00+00:00,6143
2024-01-11 01:30:00+00:00,5994
2024-01-11 02:00:00+00:00,5824
2024-01-11 02:30:00+00:00,5568
2024-01-11 03:00:00+00:00,5469
2024-01-11 03:30:00+00:00,5521
2024-01-11 04:00:00+00:00,5671
2024-01-11 04:30:00+00:00,5683
2024-01-11 05:00:00+00:00,5605
2024-01-11 05:30:00+00:00,6155
2024-01-11 06:00:00+00:00,6036
2024-01-11 06:30:00+00:00,5722
2024-01-11 07:00:00+00:00,5536
2024-01-11 07:30:00+00:00,5279
2024-01-11 08:00:00+00:00,5389
2024-01-11 08:30:00+00:00,5459
2024-01-11 09:00:00+00:00,5450
2024-01-11 09:30:00+00:00,5583
2024-01-11 10:00:00+00:00,5824
2024-01-11 10:30:00+00:00,5858
2024-01-11 11:00:00+00:00,6061
2024-01-11 11:30:00+00:00,6251
2024-01-11 12:00:00+00:00,6457
2024-01-11 12:30:00+00:00,6829
2024-01-11 13:00:00+00:00,7088
2024-01-11 13:30:00+00:00,7224
2024-01-11 14:00:00+00:00,7308
2024-01-11 14:30:00+00:00,7559
2024-01-11 15:00:00+00:00,7604
2024-01-11 15:30:00+00:00,7787
2024-01-11 16:00:00+00:00,7549
2024-01-11 16:30:00+00:00,7418
2024-01-11 17:00:00+00:00,7151
2024-01-11 17:30:00+00:00,7185
2024-01-11 18:00:00+00:00,7094
2024-01-11 18:30:00+00:00,6934
2024-01-11 19:00:00+00:00,6770
2024-01-11 19:30:00+00:00,6551
2024-01-11 20:00:00+00:00,6414
2024-01-11 20:30:00+00:00,6354
2024-01-11 21:00:00+00:00,6324
2024-01-11 21:30:00+00:00,6218
2024-01-11 22:00:00+00:00,6167
2024-01-11 22:30:00+00:00,6057
2024-01-11 23:00:00+00:00,5853
2024-01-11 23:30:00+00:00,5871
2024-01-12 00:00:00+00:00,5886
2024-01-12 00:30:00+00:00,5867
2024-01-12 01:00:00+00:00,6018
2024-01-12 01:30:00+00:00,6355
2024-01-12 02:00:00+00:00,6108
2024-01-12 02:30:00+00:00,5827
2024-01-12 03:00:00+00:00,5292
2024-01-12 03:30:00+00:00,5220
2024-01-12 04:00:00+00:00,4824
2024-01-12 04:30:00+00:00,4783
2024-01-12 05:00:00+00:00,4848
2024-01-12 05:30:00+00:00,4800
2024-01-12 06:00:00+00:00,4510
2024-01-12 06:30:00+00:00,4443
2024-01-12 07:00:00+00:00,4312
2024-01-12 07:30:00+00:00,4039
2024-01-12 08:00:00+00:00,3879
2024-01-12 08:30:00+00:00,3675
2024-01-12 09:00:00+00:00,3499
2024-01-12 09:30:00+00:00,3307
2024-01-12 10:00:00+00:00,3335
2024-01-12 10:30:00+00:00,3202
2024-01-12 11:00:00+00:00,3201
2024-01-12 11:30:00+00:00,3278
2024-01-12 12:00:00+00:00,3318
2024-01-12 12:30:00+00:00,3320
2024-01-12 13:00:00+00:00,3321
2024-01-12 13:30:00+00:00,3509
2024-01-12 14:00:00+00:00,3690
2024-01-12 14:30:00+00:00,3862
2024-01-12 15:00:00+00:00,4220
2024-01-12 15:30:00+00:00,4438
2024-01-12 16:00:00+00:00,4527
2024-01-12 16:30:00+00:00,4514
2024-01-12 17:00:00+00:00,4405
2024-01-12 17:30:00+00:00,4641
2024-01-12 18:00:00+00:00,4639
2024-01-12 18:30:00+00:00,4654
2024-01-12 19:00:00+00:00,4837
2024-01-12 19:30:00+00:00,4946
2024-01-12 20:00:00+00:00,5083
2024-01-12 20:30:00+00:00,5256
2024-01-12 21:00:00+00:00,5486
2024-01-12 21:30:00+00:00,5685
2024-01-12 22:00:00+00:00,5842
2024-01-12 22:30:00+00:00,6017
2024-01-12 23:00:00+00:00,6359
2024-01-12 23:30:00+00:00,6250
2024-01-13 00:00:00+00:00,6319
2024-01-13 00:30:00+00:00,6644
2024-01-13 01:00:00+00:00,6801
2024-01-13 01:30:00+00:00,6993
2024-01-13 02:00:00+00:00,7297
2024-01-13 02:30:00+00:00,7132
2024-01-13 03:00:00+00:00,7695
2024-01-13 03:30:00+00:00,8002
2024-01-13 04:00:00+00:00,8191
2024-01-13 04:30:00+00:00,7774
2024-01-13 05:00:00+00:00,7678
2024-01-13 05:30:00+00:00,7498
2024-01-13 06:00:00+00:00,7446
2024-01-13 06:30:00+00:00,7622
2024-01-13 07:00:00+00:00,7765
2024-01-13 07:30:00+00:00,7841
2024-01-13 08:00:00+00:00,7975
2024-01-13 08:30:00+00:00,7749
2024-01-13 09:00:00+00:00,7662
2024-01-13 09:30:00+00:00,7493
2024-01-13 10:00:00+00:00,7384
2024-01-13 10:30:00+00:00,7190
2024-01-13 11:00:00+00:00,7093
2024-01-13 11:30:00+00:00,6901
2024-01-13 12:00:00+00:00,6834
2024-01-13 12:30:00+00:00,6663
2024-01-13 13:00:00+00:00,6733
2024-01-13 13:30:00+00:00,7017
2024-01-13 14:00:00+00:00,7450
2024-01-13 14:30:00+00:00,7282
2024-01-13 15:00:00+00:00,7003
2024-01-13 15:30:00+00:00,6950
2024-01-13 16:00:00+00:00,6768
2024-01-13 16:30:00+00:00,6834
2024-01-13 17:00:00+00:00,6416
2024-01-13 17:30:00+00:00,6418
2024-01-13 18:00:00+00:00,6446
2024-01-13 18:30:00+00:00,6499
2024-01-13 19:00:00+00:00,6755
2024-01-13 19:30:00+00:00,6763
2024-01-13 20:00:00+00:00,6706
2024-01-13 20:30:00+00:00,6901
2024-01-13 21:00:00+00:00,7009
2024-01-13 21:30:00+00:00,6897
2024-01-13 22:00:00+00:00,6926
2024-01-13 22:30:00+00:00,6531
2024-01-13 23:00:00+00:00,6264
2024-01-13 23:30:00+00:00,5986
2024-01-14 00:00:00+00:00,5873
2024-01-14 00:30:00+00:00,6160
2024-01-14 01:00:00+00:00,6058
2024-01-14 01:30:00+00:00,6093
2024-01-14 02:00:00+00:00,5737
2024-01-14 02:30:00+00:00,5526
2024-01-14 03:00:00+00:00,5596
2024-01-14 03:30:00+00:00,5538
2024-01-14 04:00:00+00:00,5477
2024-01-14 04:30:00+00:00,5367
2024-01-14 05:00:00+00:00,5288
2024-01-14 05:30:00+00:00,5487
2024-01-14 06:00:00+00:00,5862
2024-01-14 06:30:00+00:00,6248
2024-01-14 07:00:00+00:00,6461
2024-01-14 07:30:00+00:00,6759
2024-01-14 08:00:00+00:00,7130
2024-01-14 08:30:00+00:00,8172
2024-01-14 09:00:00+00:00,8614
2024-01-14 09:30:00+00:00,9045
2024-01-14 10:00:00+00:00,9487
2024-01-14 10:30:00+00:00,9699
2024-01-14 11:00:00+00:00,9952
2024-01-14 11:30:00+00:00,10278
2024-01-14 12:00:00+00:00,10051
2024-01-14 12:30:00+00:00,10150
2024-01-14 13:00:00+00:00,10400
2024-01-14 13:30:00+00:00,10769
2024-01-14 14:00:00+00:00,11368
2024-01-14 14:30:00+00:00,11902
2024-01-14 15:00:00+00:00,12175
2024-01-14 15:30:00+00:00,12372
2024-01-14 16:00:00+00:00,12559
2024-01-14 16:30:00+00:00,12247
2024-01-14 17:00:00+00:00,12347
2024-01-14 17:30:00+00:00,12505
2024-01-14 18:00:00+00:00,12424
2024-01-14 18:30:00+00:00,12316
2024-01-14 19:00:00+00:00,12364
2024-01-14 19:30:00+00:00,12398
2024-01-14 20:00:00+00:00,12757
2024-01-14 20:30:00+00:00,12721
2024-01-14 21:00:00+00:00,13213
2024-01-14 21:30:00+00:00,13730
2024-01-14 22:00:00+00:00,13731
2024-01-14 22:30:00+00:00,13557
2024-01-14 23:00:00+00:00,13352
2024-01-14 23:30:00+00:00,13539
2024-01-15 00:00:00+00:00,13826
2024-01-15 00:30:00+00:00,13991
2024-01-15 01:00:00+00:00,14343
2024-01-15 01:30:00+00:00,14482
2024-01-15 02:00:00+00:00,14431
2024-01-15 02:30:00+00:00,14426
2024-01-15 03:00:00+00:00,14534
2024-01-15 03:30:00+00:00,14706
2024-01-15 04:00:00+00:00,14840
2024-01-15 04:30:00+00:00,14933
2024-01-15 05:00:00+00:00,15001
2024-01-15 05:30:00+00:00,15070
2024-01-15 06:00:00+00:00,15022
2024-01-15 06:30:00+00:00,14830
2024-01-15 07:00:00+00:00,14963
2024-01-15 07:30:00+00:00,14855
2024-01-15 08:00:00+00:00,14492
2024-01-15 08:30:00+00:00,14264
2024-01-15 09:00:00+00:00,14233
2024-01-15 09:30:00+00:00,14149
2024-01-15 10:00:00+00:00,14315
2024-01-15 10:30:00+00:00,14149
2024-01-15 11:00:00+00:00,13835
2024-01-15 11:30:00+00:00,13709
2024-01-15 12:00:00+00:00,13529
2024-01-15 12:30:00+00:00,13614
2024-01-15 13:00:00+00:00,13859
2024-01-15 13:30:00+00:00,13948
2024-01-15 14:00:00+00:00,13810
2024-01-15 14:30:00+00:00,13770
2024-01-15 15:00:00+00:00,13547
2024-01-15 15:30:00+00:00,13411
2024-01-15 16:00:00+00:00,12939
2024-01-15 16:30:00+00:00,12747
2024-01-15 17:00:00+00:00,12466
2024-01-15 17:30:00+00:00,12140
2024-01-15 18:00:00+00:00,11775
2024-01-15 18:30:00+00:00,11448
2024-01-15 19:00:00+00:00,10834
2024-01-15 19:30:00+00:00,10449
2024-01-15 20:00:00+00:00,10046
2024-01-15 20:30:00+00:00,9952
2024-01-15 21:00:00+00:00,9569
2024-01-15 21:30:00+00:00,9174
2024-01-15 22:00:00+00:00,8995
2024-01-15 22:30:00+00:00,8472
2024-01-15 23:00:00+00:00,8022
2024-01-15 23:30:00+00:00,8095
2024-01-16 00:00:00+00:00,7892
2024-01-16 00:30:00+00:00,7692
2024-01-16 01:00:00+00:00,7270
2024-01-16 01:30:00+00:00,6954
2024-01-16 02:00:00+00:00,6228
2024-01-16 02:30:00+00:00,5806
2024-01-16 03:00:00+00:00,5814
2024-01-16 03:30:00+00:00,6035
2024-01-16 04:00:00+00:00,5985
2024-01-16 04:30:00+00:00,6136
2024-01-16 05:00:00+00:00,6396
2024-01-16 05:30:00+00:00,6833
2024-01-16 06:00:00+00:00,7111
2024-01-16 06:30:00+00:00,7196
2024-01-16 07:00:00+00:00,7343
2024-01-16 07:30:00+00:00,7266
2024-01-16 08:00:00+00:00,7387
2024-01-16 08:30:00+00:00,7590
2024-01-16 09:00:00+00:00,7756
2024-01-16 09:30:00+00:00,7674
2024-01-16 10:00:00+00:00,7412
2024-01-16 10:30:00+00:00,7345
2024-01-16 11:00:00+00:00,7463
2024-01-16 11:30:00+00:00,7449
2024-01-16 12:00:00+00:00,7607
2024-01-16 12:30:00+00:00,8122
2024-01-16 13:00:00+00:00,8206
2024-01-16 13:30:00+00:00,8607
2024-01-16 14:00:00+00:00,9047
2024-01-16 14:30:00+00:00,9180
2024-01-16 15:00:00+00:00,9603
2024-01-16 15:30:00+00:00,10811
2024-01-16 16:00:00+00:00,11451
2024-01-16 16:30:00+00:00,12264
2024-01-16 17:00:00+00:00,12975
2024-01-16 17:30:00+00:00,12989
2024-01-16 18:00:00+00:00,12865
2024-01-16 18:30:00+00:00,13113
2024-01-16 19:00:00+00:00,13083
2024-01-16 19:30:00+00:00,13106
2024-01-16 20:00:00+00:00,12888
2024-01-16 20:30:00+00:00,12532
2024-01-16 21:00:00+00:00,12042
2024-01-16 21:30:00+00:00,11991
2024-01-16 22:00:00+00:00,11610
2024-01-16 22:30:00+00:00,11742
2024-01-16 23:00:00+00:00,11622
2024-01-16 23:30:00+00:00,11388
2024-01-17 00:00:00+00:00,10883
2024-01-17 00:30:00+00:00,10311
2024-01-17 01:00:00+00:00,9675
2024-01-17 01:30:00+00:00,9320
2024-01-17 02:00:00+00:00,9013
2024-01-17 02:30:00+00:00,8423
2024-01-17 03:00:00+00:00,7573
2024-01-17 03:30:00+00:00,6710
2024-01-17 04:00:00+00:00,6030
2024-01-17 04:30:00+00:00,5342
2024-01-17 05:00:00+00:00,4695
2024-01-17 05:30:00+00:00,4464
2024-01-17 06:00:00+00:00,4682
2024-01-17 06:30:00+00:00,4880
2024-01-17 07:00:00+00:00,4822
2024-01-17 07:30:00+00:00,4252
2024-01-17 08:00:00+00:00,3988
2024-01-17 08:30:00+00:00,4340
2024-01-17 09:00:00+00:00,4434
2024-01-17 09:30:00+00:00,4345
2024-01-17 10:00:00+00:00,3902
2024-01-17 10:30:00+00:00,3670
2024-01-17 11:00:00+00:00,3455
2024-01-17 11:30:00+00:00,3179
2024-01-17 12:00:00+00:00,3238
2024-01-17 12:30:00+00:00,3501
2024-01-17 13:00:00+00:00,3785
2024-01-17 13:30:00+00:00,4254
2024-01-17 14:00:00+00:00,4774
2024-01-17 14:30:00+00:00,5335
2024-01-17 15:00:00+00:00,5291
2024-01-17 15:30:00+00:00,5163
2024-01-17 16:00:00+00:00,6190
2024-01-17 16:30:00+00:00,6709
2024-01-17 17:00:00+00:00,6631
2024-01-17 17:30:00+00:00,6928
2024-01-17 18:00:00+00:00,7004
2024-01-17 18:30:00+00:00,7410
2024-01-17 19:00:00+00:00,8038
2024-01-17 19:30:00+00:00,8125
2024-01-17 20:00:00+00:00,7850
2024-01-17 20:30:00+00:00,7925
2024-01-17 21:00:00+00:00,7426
2024-01-17 21:30:00+00:00,6999
2024-01-17 22:00:00+00:00,6788
2024-01-17 22:30:00+00:00,6796
2024-01-17 23:00:00+00:00,6841
2024-01-17 23:30:00+00:00,6763
2024-01-18 00:00:00+00:00,6431
2024-01-18 00:30:00+00:00,6939
2024-01-18 01:00:00+00:00,7447
2024-01-18 01:30:00+00:00,8491
2024-01-18 02:00:00+00:00,8596
2024-01-18 02:30:00+00:00,8096
2024-01-18 03:00:00+00:00,7493
2024-01-18 03:30:00+00:00,7360
2024-01-18 04:00:00+00:00,6878
2024-01-18 04:30:00+00:00,6044
2024-01-18 05:00:00+00:00,6362
2024-01-18 05:30:00+00:00,6862
2024-01-18 06:00:00+00:00,6990
2024-01-18 06:30:00+00:00,7283
2024-01-18 07:00:00+00:00,6833
2024-01-18 07:30:00+00:00,6751
2024-01-18 08:00:00+00:00,6392
2024-01-18 08:30:00+00:00,5897
2024-01-18 09:00:00+00:00,5659
2024-01-18 09:30:00+00:00,6231
2024-01-18 10:00:00+00:00,6206
2024-01-18 10:30:00+00:00,6333
2024-01-18 11:00:00+00:00,6688
2024-01-18 11:30:00+00:00,7308
2024-01-18 12:00:00+00:00,7551
2024-01-18 12:30:00+00:00,7180
2024-01-18 13:00:00+00:00,7082
2024-01-18 13:30:00+00:00,7754
2024-01-18 14:00:00+00:00,8365
2024-01-18 14:30:00+00:00,9019
2024-01-18 15:00:00+00:00,9515
2024-01-18 15:30:00+00:00,10164
2024-01-18 16:00:00+00:00,10356
2024-01-18 16:30:00+00:00,10765
2024-01-18 17:00:00+00:00,11322
2024-01-18 17:30:00+00:00,11727
2024-01-18 18:00:00+00:00,12362
2024-01-18 18:30:00+00:00,12443
2024-01-18 19:00:00+00:00,11678
2024-01-18 19:30:00+00:00,11307
2024-01-18 20:00:00+00:00,11339
2024-01-18 20:30:00+00:00,11344
2024-01-18 21:00:00+00:00,11629
2024-01-18 21:30:00+00:00,11648
2024-01-18 22:00:00+00:00,11561
2024-01-18 22:30:00+00:00,11843
2024-01-18 23:00:00+00:00,11716
2024-01-18 23:30:00+00:00,11747
2024-01-19 00:00:00+00:00,11417
2024-01-19 00:30:00+00:00,11180
2024-01-19 01:00:00+00:00,11590
2024-01-19 01:30:00+00:00,11553
2024-01-19 02:00:00+00:00,11509
2024-01-19 02:30:00+00:00,11728
2024-01-19 03:00:00+00:00,11687
2024-01-19 03:30:00+00:00,11751
2024-01-19 04:00:00+00:00,11337
2024-01-19 04:30:00+00:00,11244
2024-01-19 05:00:00+00:00,11423
2024-01-19 05:30:00+00:00,11661
2024-01-19 06:00:00+00:00,11717
2024-01-19 06:30:00+00:00,11405
2024-01-19 07:00:00+00:00,11668
2024-01-19 07:30:00+00:00,12110
2024-01-19 08:00:00+00:00,12606
2024-01-19 08:30:00+00:00,12537
2024-01-19 09:00:00+00:00,12592
2024-01-19 09:30:00+00:00,12724
2024-01-19 10:00:00+00:00,12700
2024-01-19 10:30:00+00:00,13097
2024-01-19 11:00:00+00:00,13342
2024-01-19 11:30:00+00:00,13641
2024-01-19 12:00:00+00:00,13807
2024-01-19 12:30:00+00:00,13958
2024-01-19 13:00:00+00:00,11807
2024-01-19 13:30:00+00:00,14349
2024-01-19 14:00:00+00:00,14160
2024-01-19 14:30:00+00:00,13847
2024-01-19 15:00:00+00:00,13844
2024-01-19 15:30:00+00:00,13901
2024-01-19 16:00:00+00:00,13906
2024-01-19 16:30:00+00:00,13697
2024-01-19 17:00:00+00:00,13613
2024-01-19 17:30:00+00:00,13892
2024-01-19 18:00:00+00:00,14025
2024-01-19 18:30:00+00:00,14184
2024-01-19 19:00:00+00:00,14208
2024-01-19 19:30:00+00:00,14358
2024-01-19 20:00:00+00:00,14634
2024-01-19 20:30:00+00:00,14687
2024-01-19 21:00:00+00:00,13992
2024-01-19 21:30:00+00:00,13871
2024-01-19 22:00:00+00:00,13956
2024-01-19 22:30:00+00:00,14014
2024-01-19 23:00:00+00:00,14025
2024-01-19 23:30:00+00:00,13845
2024-01-20 00:00:00+00:00,13736
2024-01-20 00:30:00+00:00,13852
2024-01-20 01:00:00+00:00,13650
2024-01-20 01:30:00+00:00,13788
2024-01-20 02:00:00+00:00,14124
2024-01-20 02:30:00+00:00,14310
2024-01-20 03:00:00+00:00,14459
2024-01-20 03:30:00+00:00,14755
2024-01-20 04:00:00+00:00,14938
2024-01-20 04:30:00+00:00,15096
2024-01-20 05:00:00+00:00,15267
2024-01-20 05:30:00+00:00,15062
2024-01-20 06:00:00+00:00,14918
2024-01-20 06:30:00+00:00,14860
2024-01-20 07:00:00+00:00,14954
2024-01-20 07:30:00+00:00,15094
2024-01-20 08:00:00+00:00,15281
2024-01-20 08:30:00+00:00,15331
2024-01-20 09:00:00+00:00,15269
2024-01-20 09:30:00+00:00,15181
2024-01-20 10:00:00+00:00,15432
2024-01-20 10:30:00+00:00,15707
2024-01-20 11:00:00+00:00,15970
2024-01-20 11:30:00+00:00,16245
2024-01-20 12:00:00+00:00,16185
2024-01-20 12:30:00+00:00,16283
2024-01-20 13:00:00+00:00,16129
2024-01-20 13:30:00+00:00,16137
2024-01-20 14:00:00+00:00,16279
2024-01-20 14:30:00+00:00,16253
2024-01-20 15:00:00+00:00,16261
2024-01-20 15:30:00+00:00,16034
2024-01-20 16:00:00+00:00,16240
2024-01-20 16:30:00+00:00,16244
2024-01-20 17:00:00+00:00,16246
2024-01-20 17:30:00+00:00,16185
2024-01-20 18:00:00+00:00,16073
2024-01-20 18:30:00+00:00,15971
2024-01-20 19:00:00+00:00,15985
2024-01-20 19:30:00+00:00,15950
2024-01-20 20:00:00+00:00,16260
2024-01-20 20:30:00+00:00,16662
2024-01-20 21:00:00+00:00,16434
2024-01-20 21:30:00+00:00,16143
2024-01-20 22:00:00+00:00,16118
2024-01-20 22:30:00+00:00,16102
2024-01-20 23:00:00+00:00,16072
2024-01-20 23:30:00+00:00,15959
2024-01-21 00:00:00+00:00,15884
2024-01-21 00:30:00+00:00,15535
2024-01-21 01:00:00+00:00,15248
2024-01-21 01:30:00+00:00,15132
2024-01-21 02:00:00+00:00,14809
2024-01-21 02:30:00+00:00,14637
2024-01-21 03:00:00+00:00,14474
2024-01-21 03:30:00+00:00,14028
2024-01-21 04:00:00+00:00,13775
2024-01-21 04:30:00+00:00,14036
2024-01-21 05:00:00+00:00,14540
2024-01-21 05:30:00+00:00,14247
2024-01-21 06:00:00+00:00,13505
2024-01-21 06:30:00+00:00,14168
2024-01-21 07:00:00+00:00,14359
2024-01-21 07:30:00+00:00,14343
2024-01-21 08:00:00+00:00,14072
2024-01-21 08:30:00+00:00,14152
2024-01-21 09:00:00+00:00,14474
2024-01-21 09:30:00+00:00,15158
2024-01-21 10:00:00+00:00,15221
2024-01-21 10:30:00+00:00,14975
2024-01-21 11:00:00+00:00,15127
2024-01-21 11:30:00+00:00,15761
2024-01-21 12:00:00+00:00,15746
2024-01-21 12:30:00+00:00,15338
2024-01-21 13:00:00+00:00,14874
2024-01-21 13:30:00+00:00,14969
2024-01-21 14:00:00+00:00,14866
2024-01-21 14:30:00+00:00,15018
2024-01-21 15:00:00+00:00,14802
2024-01-21 15:30:00+00:00,14627
2024-01-21 16:00:00+00:00,14731
2024-01-21 16:30:00+00:00,14708
2024-01-21 17:00:00+00:00,14630
2024-01-21 17:30:00+00:00,14190
2024-01-21 18:00:00+00:00,13740
2024-01-21 18:30:00+00:00,13028
2024-01-21 19:00:00+00:00,12901
2024-01-21 19:30:00+00:00,11789
2024-01-21 20:00:00+00:00,11299
2024-01-21 20:30:00+00:00,10202
2024-01-21 21:00:00+00:00,9112
2024-01-21 21:30:00+00:00,8197
2024-01-21 22:00:00+00:00,8108
2024-01-21 22:30:00+00:00,8182
2024-01-21 23:00:00+00:00,8493
2024-01-21 23:30:00+00:00,8503
2024-01-22 00:00:00+00:00,8662
2024-01-22 00:30:00+00:00,8485
2024-01-22 01:00:00+00:00,8121
2024-01-22 01:30:00+00:00,8344
2024-01-22 02:00:00+00:00,8638
2024-01-22 02:30:00+00:00,9403
2024-01-22 03:00:00+00:00,10235
2024-01-22 03:30:00+00:00,10824
2024-01-22 04:00:00+00:00,11196
2024-01-22 04:30:00+00:00,11465
2024-01-22 05:00:00+00:00,11531
2024-01-22 05:30:00+00:00,11847
2024-01-22 06:00:00+00:00,12139
2024-01-22 06:30:00+00:00,12742
2024-01-22 07:00:00+00:00,13423
2024-01-22 07:30:00+00:00,14265
2024-01-22 08:00:00+00:00,14698
2024-01-22 08:30:00+00:00,14883
2024-01-22 09:00:00+00:00,14969
2024-01-22 09:30:00+00:00,15083
2024-01-22 10:00:00+00:00,15231
2024-01-22 10:30:00+00:00,15390
2024-01-22 11:00:00+00:00,15408
2024-01-22 11:30:00+00:00,15533
2024-01-22 12:00:00+00:00,15341
2024-01-22 12:30:00+00:00,15524
2024-01-22 13:00:00+00:00,15638
2024-01-22 13:30:00+00:00,15717
2024-01-22 14:00:00+00:00,16018
2024-01-22 14:30:00+00:00,15810
2024-01-22 15:00:00+00:00,15682
2024-01-22 15:30:00+00:00,15649
2024-01-22 16:00:00+00:00,15877
2024-01-22 16:30:00+00:00,13225
2024-01-22 17:00:00+00:00,15743
2024-01-22 17:30:00+00:00,15885
2024-01-22 18:00:00+00:00,15855
2024-01-22 18:30:00+00:00,15910
2024-01-22 19:00:00+00:00,15798
2024-01-22 19:30:00+00:00,15727
2024-01-22 20:00:00+00:00,15742
2024-01-22 20:30:00+00:00,15679
2024-01-22 21:00:00+00:00,15692
2024-01-22 21:30:00+00:00,15594
2024-01-22 22:00:00+00:00,15461
2024-01-22 22:30:00+00:00,15305
2024-01-22 23:00:00+00:00,15049
2024-01-22 23:30:00+00:00,14926
2024-01-23 00:00:00+00:00,14934
2024-01-23 00:30:00+00:00,14793
2024-01-23 01:00:00+00:00,14541
2024-01-23 01:30:00+00:00,14072
2024-01-23 02:00:00+00:00,13765
2024-01-23 02:30:00+00:00,13509
2024-01-23 03:00:00+00:00,12974
2024-01-23 03:30:00+00:00,12866
2024-01-23 04:00:00+00:00,12541
2024-01-23 04:30:00+00:00,12002
2024-01-23 05:00:00+00:00,12089
2024-01-23 05:30:00+00:00,12164
2024-01-23 06:00:00+00:00,12206
2024-01-23 06:30:00+00:00,12362
2024-01-23 07:00:00+00:00,13002
2024-01-23 07:30:00+00:00,13604
2024-01-23 08:00:00+00:00,14101
2024-01-23 08:30:00+00:00,14453
2024-01-23 09:00:00+00:00,14526
2024-01-23 09:30:00+00:00,14747
2024-01-23 10:00:00+00:00,14552
2024-01-23 10:30:00+00:00,2469
2024-01-23 11:00:00+00:00,0
2024-01-23 11:30:00+00:00,0
2024-01-23 12:00:00+00:00,12439
2024-01-23 12:30:00+00:00,15262
2024-01-23 13:00:00+00:00,15288
2024-01-23 13:30:00+00:00,15407
2024-01-23 14:00:00+00:00,15721
2024-01-23 14:30:00+00:00,15654
2024-01-23 15:00:00+00:00,15455
2024-01-23 15:30:00+00:00,15341
2024-01-23 16:00:00+00:00,15280
2024-01-23 16:30:00+00:00,15301
2024-01-23 17:00:00+00:00,15232
2024-01-23 17:30:00+00:00,15389
2024-01-23 18:00:00+00:00,15500
2024-01-23 18:30:00+00:00,15256
2024-01-23 19:00:00+00:00,15087
2024-01-23 19:30:00+00:00,15070
2024-01-23 20:00:00+00:00,15140
2024-01-23 20:30:00+00:00,15099
2024-01-23 21:00:00+00:00,14506
2024-01-23 21:30:00+00:00,14128
2024-01-23 22:00:00+00:00,13779
2024-01-23 22:30:00+00:00,13565
2024-01-23 23:00:00+00:00,13784
2024-01-23 23:30:00+00:00,14027
2024-01-24 00:00:00+00:00,13888
2024-01-24 00:30:00+00:00,13934
2024-01-24 01:00:00+00:00,13913
2024-01-24 01:30:00+00:00,13825
2024-01-24 02:00:00+00:00,13586
2024-01-24 02:30:00+00:00,13585
2024-01-24 03:00:00+00:00,13351
2024-01-24 03:30:00+00:00,13336
2024-01-24 04:00:00+00:00,13392
2024-01-24 04:30:00+00:00,13158
2024-01-24 05:00:00+00:00,13320
2024-01-24 05:30:00+00:00,13459
2024-01-24 06:00:00+00:00,13479
2024-01-24 06:30:00+00:00,13875
2024-01-24 07:00:00+00:00,14158
2024-01-24 07:30:00+00:00,14397
2024-01-24 08:00:00+00:00,14406
2024-01-24 08:30:00+00:00,14765
2024-01-24 09:00:00+00:00,14811
2024-01-24 09:30:00+00:00,14965
2024-01-24 10:00:00+00:00,14879
2024-01-24 10:30:00+00:00,14837
2024-01-24 11:00:00+00:00,14882
2024-01-24 11:30:00+00:00,14782
2024-01-24 12:00:00+00:00,14859
2024-01-24 12:30:00+00:00,14817
2024-01-24 13:00:00+00:00,14727
2024-01-24 13:30:00+00:00,14459
2024-01-24 14:00:00+00:00,14200
2024-01-24 14:30:00+00:00,14398
2024-01-24 15:00:00+00:00,14210
2024-01-24 15:30:00+00:00,14282
2024-01-24 16:00:00+00:00,13797
2024-01-24 16:30:00+00:00,13163
2024-01-24 17:00:00+00:00,12907
2024-01-24 17:30:00+00:00,13105
2024-01-24 18:00:00+00:00,12889
2024-01-24 18:30:00+00:00,12513
2024-01-24 19:00:00+00:00,11844
2024-01-24 19:30:00+00:00,11620
2024-01-24 20:00:00+00:00,11630
2024-01-24 20:30:00+00:00,10866
2024-01-24 21:00:00+00:00,10361
2024-01-24 21:30:00+00:00,10012
2024-01-24 22:00:00+00:00,9429
2024-01-24 22:30:00+00:00,8572
2024-01-24 23:00:00+00:00,8380
2024-01-24 23:30:00+00:00,7759
2024-01-25 00:00:00+00:00,7512
2024-01-25 00:30:00+00:00,7202
2024-01-25 01:00:00+00:00,6910
2024-01-25 01:30:00+00:00,6442
2024-01-25 02:00:00+00:00,6321
2024-01-25 02:30:00+00:00,6066
2024-01-25 03:00:00+00:00,6055
2024-01-25 03:30:00+00:00,6376
2024-01-25 04:00:00+00:00,6007
2024-01-25 04:30:00+00:00,5719
2024-01-25 05:00:00+00:00,6135
2024-01-25 05:30:00+00:00,6266
2024-01-25 06:00:00+00:00,6573
2024-01-25 06:30:00+00:00,6894
2024-01-25 07:00:00+00:00,7496
2024-01-25 07:30:00+00:00,8145
2024-01-25 08:00:00+00:00,8529
2024-01-25 08:30:00+00:00,9601
2024-01-25 09:00:00+00:00,10362
2024-01-25 09:30:00+00:00,10975
2024-01-25 10:00:00+00:00,11463
2024-01-25 10:30:00+00:00,12224
2024-01-25 11:00:00+00:00,12490
2024-01-25 11:30:00+00:00,12648
2024-01-25 12:00:00+00:00,12824
2024-01-25 12:30:00+00:00,13216
2024-01-25 13:00:00+00:00,13605
2024-01-25 13:30:00+00:00,13712
2024-01-25 14:00:00+00:00,13819
2024-01-25 14:30:00+00:00,13627
2024-01-25 15:00:00+00:00,13601
2024-01-25 15:30:00+00:00,13968
2024-01-25 16:00:00+00:00,14202
2024-01-25 16:30:00+00:00,14049
2024-01-25 17:00:00+00:00,14242
2024-01-25 17:30:00+00:00,14444
2024-01-25 18:00:00+00:00,14704
2024-01-25 18:30:00+00:00,14618
2024-01-25 19:00:00+00:00,14109
2024-01-25 19:30:00+00:00,14245
2024-01-25 20:00:00+00:00,14402
2024-01-25 20:30:00+00:00,14577
2024-01-25 21:00:00+00:00,14506
2024-01-25 21:30:00+00:00,14513
2024-01-25 22:00:00+00:00,14593
2024-01-25 22:30:00+00:00,14650
2024-01-25 23:00:00+00:00,14478
2024-01-25 23:30:00+00:00,14456
2024-01-26 00:00:00+00:00,14317
2024-01-26 00:30:00+00:00,14259
2024-01-26 01:00:00+00:00,14422
2024-01-26 01:30:00+00:00,14285
2024-01-26 02:00:00+00:00,14316
2024-01-26 02:30:00+00:00,14488
2024-01-26 03:00:00+00:00,14523
2024-01-26 03:30:00+00:00,14509
2024-01-26 04:00:00+00:00,14632
2024-01-26 04:30:00+00:00,14723
2024-01-26 05:00:00+00:00,14692
2024-01-26 05:30:00+00:00,14335
2024-01-26 06:00:00+00:00,14547
2024-01-26 06:30:00+00:00,14760
2024-01-26 07:00:00+00:00,14603
2024-01-26 07:30:00+00:00,14931
2024-01-26 08:00:00+00:00,14722
2024-01-26 08:30:00+00:00,14753
2024-01-26 09:00:00+00:00,14620
2024-01-26 09:30:00+00:00,14695
2024-01-26 10:00:00+00:00,14755
2024-01-26 10:30:00+00:00,14745
2024-01-26 11:00:00+00:00,15050
2024-01-26 11:30:00+00:00,15069
2024-01-26 12:00:00+00:00,15103
2024-01-26 12:30:00+00:00,14902
2024-01-26 13:00:00+00:00,15185
2024-01-26 13:30:00+00:00,15185
2024-01-26 14:00:00+00:00,14854
2024-01-26 14:30:00+00:00,14316
2024-01-26 15:00:00+00:00,13927
2024-01-26 15:30:00+00:00,13631
2024-01-26 16:00:00+00:00,13208
2024-01-26 16:30:00+00:00,12846
2024-01-26 17:00:00+00:00,13030
2024-01-26 17:30:00+00:00,12726
2024-01-26 18:00:00+00:00,12745
2024-01-26 18:30:00+00:00,12745
2024-01-26 19:00:00+00:00,12733
2024-01-26 19:30:00+00:00,12520
2024-01-26 20:00:00+00:00,12562
2024-01-26 20:30:00+00:00,12482
2024-01-26 21:00:00+00:00,12454
2024-01-26 21:30:00+00:00,12380
2024-01-26 22:00:00+00:00,12336
2024-01-26 22:30:00+00:00,12080
2024-01-26 23:00:00+00:00,11989
2024-01-26 23:30:00+00:00,12011
2024-01-27 00:00:00+00:00,11898
2024-01-27 00:30:00+00:00,11691
2024-01-27 01:00:00+00:00,11576
2024-01-27 01:30:00+00:00,11267
2024-01-27 02:00:00+00:00,11146
2024-01-27 02:30:00+00:00,10923
2024-01-27 03:00:00+00:00,10526
2024-01-27 03:30:00+00:00,10415
2024-01-27 04:00:00+00:00,10210
2024-01-27 04:30:00+00:00,10206
2024-01-27 05:00:00+00:00,9962
2024-01-27 05:30:00+00:00,9844
2024-01-27 06:00:00+00:00,9601
2024-01-27 06:30:00+00:00,9574
2024-01-27 07:00:00+00:00,9683
2024-01-27 07:30:00+00:00,10004
2024-01-27 08:00:00+00:00,10340
2024-01-27 08:30:00+00:00,10674
2024-01-27 09:00:00+00:00,11012
2024-01-27 09:30:00+00:00,11163
2024-01-27 10:00:00+00:00,11366
2024-01-27 10:30:00+00:00,11564
2024-01-27 11:00:00+00:00,11512
2024-01-27 11:30:00+00:00,11940
2024-01-27 12:00:00+00:00,11957
2024-01-27 12:30:00+00:00,11930
2024-01-27 13:00:00+00:00,11761
2024-01-27 13:30:00+00:00,12002
2024-01-27 14:00:00+00:00,11712
2024-01-27 14:30:00+00:00,11448
2024-01-27 15:00:00+00:00,11419
2024-01-27 15:30:00+00:00,11183
2024-01-27 16:00:00+00:00,11093
2024-01-27 16:30:00+00:00,11595
2024-01-27 17:00:00+00:00,11721
2024-01-27 17:30:00+00:00,11815
2024-01-27 18:00:00+00:00,11500
2024-01-27 18:30:00+00:00,11350
2024-01-27 19:00:00+00:00,11124
2024-01-27 19:30:00+00:00,11529
2024-01-27 20:00:00+00:00,11453
2024-01-27 20:30:00+00:00,11359
2024-01-27 21:00:00+00:00,11309
2024-01-27 21:30:00+00:00,11256
2024-01-27 22:00:00+00:00,11292
2024-01-27 22:30:00+00:00,11686
2024-01-27 23:00:00+00:00,11688
2024-01-27 23:30:00+00:00,11479
2024-01-28 00:00:00+00:00,11118
2024-01-28 00:30:00+00:00,11096
2024-01-28 01:00:00+00:00,11312
2024-01-28 01:30:00+00:00,11819
2024-01-28 02:00:00+00:00,11981
2024-01-28 02:30:00+00:00,12440
2024-01-28 03:00:00+00:00,12345
2024-01-28 03:30:00+00:00,12232
2024-01-28 04:00:00+00:00,12181
2024-01-28 04:30:00+00:00,12365
2024-01-28 05:00:00+00:00,12679
2024-01-28 05:30:00+00:00,12853
2024-01-28 06:00:00+00:00,12877
2024-01-28 06:30:00+00:00,12622
2024-01-28 07:00:00+00:00,12485
2024-01-28 07:30:00+00:00,12484
2024-01-28 08:00:00+00:00,12248
2024-01-28 08:30:00+00:00,11948
2024-01-28 09:00:00+00:00,12157
2024-01-28 09:30:00+00:00,12523
2024-01-28 10:00:00+00:00,12583
2024-01-28 10:30:00+00:00,12639
2024-01-28 11:00:00+00:00,12532
2024-01-28 11:30:00+00:00,13063
2024-01-28 12:00:00+00:00,13588
2024-01-28 12:30:00+00:00,13682
2024-01-28 13:00:00+00:00,13513
2024-01-28 13:30:00+00:00,13316
2024-01-28 14:00:00+00:00,13270
2024-01-28 14:30:00+00:00,13332
2024-01-28 15:00:00+00:00,13272
2024-01-28 15:30:00+00:00,13519
2024-01-28 16:00:00+00:00,13866
2024-01-28 16:30:00+00:00,13931
2024-01-28 17:00:00+00:00,14255
2024-01-28 17:30:00+00:00,14439
2024-01-28 18:00:00+00:00,14262
2024-01-28 18:30:00+00:00,14047
2024-01-28 19:00:00+00:00,13632
2024-01-28 19:30:00+00:00,13162
2024-01-28 20:00:00+00:00,12878
2024-01-28 20:30:00+00:00,12400
2024-01-28 21:00:00+00:00,12151
2024-01-28 21:30:00+00:00,11717
2024-01-28 22:00:00+00:00,11484
2024-01-28 22:30:00+00:00,10969
2024-01-28 23:00:00+00:00,10198
2024-01-28 23:30:00+00:00,9898
2024-01-29 00:00:00+00:00,9682
2024-01-29 00:30:00+00:00,8765
2024-01-29 01:00:00+00:00,7980
2024-01-29 01:30:00+00:00,6853
2024-01-29 02:00:00+00:00,6149
2024-01-29 02:30:00+00:00,5889
2024-01-29 03:00:00+00:00,5568
2024-01-29 03:30:00+00:00,4809
2024-01-29 04:00:00+00:00,4336
2024-01-29 04:30:00+00:00,4145
2024-01-29 05:00:00+00:00,3962
2024-01-29 05:30:00+00:00,3754
2024-01-29 06:00:00+00:00,3626
2024-01-29 06:30:00+00:00,3748
2024-01-29 07:00:00+00:00,4031
2024-01-29 07:30:00+00:00,3996
2024-01-29 08:00:00+00:00,3909
2024-01-29 08:30:00+00:00,3880
2024-01-29 09:00:00+00:00,3928
2024-01-29 09:30:00+00:00,3582
2024-01-29 10:00:00+00:00,3337
2024-01-29 10:30:00+00:00,3493
2024-01-29 11:00:00+00:00,3669
2024-01-29 11:30:00+00:00,3321
2024-01-29 12:00:00+00:00,2918
2024-01-29 12:30:00+00:00,3004
2024-01-29 13:00:00+00:00,3078
2024-01-29 13:30:00+00:00,3405
2024-01-29 14:00:00+00:00,3761
2024-01-29 14:30:00+00:00,3948
2024-01-29 15:00:00+00:00,4342
2024-01-29 15:30:00+00:00,5053
2024-01-29 16:00:00+00:00,5949
2024-01-29 16:30:00+00:00,6769
2024-01-29 17:00:00+00:00,7372
2024-01-29 17:30:00+00:00,7538
2024-01-29 18:00:00+00:00,8035
2024-01-29 18:30:00+00:00,8669
2024-01-29 19:00:00+00:00,9019
2024-01-29 19:30:00+00:00,9221
2024-01-29 20:00:00+00:00,9178
2024-01-29 20:30:00+00:00,9171
2024-01-29 21:00:00+00:00,9077
2024-01-29 21:30:00+00:00,8994
2024-01-29 22:00:00+00:00,8875
2024-01-29 22:30:00+00:00,8784
2024-01-29 23:00:00+00:00,8699
2024-01-29 23:30:00+00:00,9021
2024-01-30 00:00:00+00:00,9135
2024-01-30 00:30:00+00:00,9551
2024-01-30 01:00:00+00:00,9883
2024-01-30 01:30:00+00:00,10064
2024-01-30 02:00:00+00:00,10237
2024-01-30 02:30:00+00:00,10203
2024-01-30 03:00:00+00:00,10370
2024-01-30 03:30:00+00:00,10407
2024-01-30 04:00:00+00:00,10203
2024-01-30 04:30:00+00:00,10038
2024-01-30 05:00:00+00:00,10076
2024-01-30 05:30:00+00:00,10233
2024-01-30 06:00:00+00:00,10215
2024-01-30 06:30:00+00:00,10197
2024-01-30 07:00:00+00:00,10107
2024-01-30 07:30:00+00:00,9934
2024-01-30 08:00:00+00:00,9672
2024-01-30 08:30:00+00:00,9438
2024-01-30 09:00:00+00:00,9195
2024-01-30 09:30:00+00:00,9069
2024-01-30 10:00:00+00:00,9066
2024-01-30 10:30:00+00:00,9243
2024-01-30 11:00:00+00:00,9565
2024-01-30 11:30:00+00:00,9283
2024-01-30 12:00:00+00:00,8628
2024-01-30 12:30:00+00:00,8437
2024-01-30 13:00:00+00:00,8442
2024-01-30 13:30:00+00:00,8412
2024-01-30 14:00:00+00:00,8626
2024-01-30 14:30:00+00:00,8149
2024-01-30 15:00:00+00:00,7823
2024-01-30 15:30:00+00:00,7826
2024-01-30 16:00:00+00:00,7604
2024-01-30 16:30:00+00:00,7238
2024-01-30 17:00:00+00:00,7193
2024-01-30 17:30:00+00:00,7008
2024-01-30 18:00:00+00:00,6626
2024-01-30 18:30:00+00:00,6483
2024-01-30 19:00:00+00:00,6415
2024-01-30 19:30:00+00:00,6509
2024-01-30 20:00:00+00:00,6622
2024-01-30 20:30:00+00:00,6700
2024-01-30 21:00:00+00:00,7217
2024-01-30 21:30:00+00:00,7247
2024-01-30 22:00:00+00:00,7214
2024-01-30 22:30:00+00:00,7688
2024-01-30 23:00:00+00:00,7592
2024-01-30 23:30:00+00:00,7049
2024-01-31 00:00:00+00:00,7009
2024-01-31 00:30:00+00:00,7207
2024-01-31 01:00:00+00:00,7248
2024-01-31 01:30:00+00:00,7371
2024-01-31 02:00:00+00:00,7463
2024-01-31 02:30:00+00:00,7964
2024-01-31 03:00:00+00:00,8175
2024-01-31 03:30:00+00:00,8432
2024-01-31 04:00:00+00:00,8687
2024-01-31 04:30:00+00:00,8908
2024-01-31 05:00:00+00:00,9519
2024-01-31 05:30:00+00:00,10010
2024-01-31 06:00:00+00:00,10509
2024-01-31 06:30:00+00:00,11156
2024-01-31 07:00:00+00:00,11728
2024-01-31 07:30:00+00:00,12411
2024-01-31 08:00:00+00:00,12836
2024-01-31 08:30:00+00:00,13321
2024-01-31 09:00:00+00:00,13747
2024-01-31 09:30:00+00:00,13602
2024-01-31 10:00:00+00:00,14183
2024-01-31 10:30:00+00:00,14245
2024-01-31 11:00:00+00:00,14352
2024-01-31 11:30:00+00:00,14739
2024-01-31 12:00:00+00:00,15177
2024-01-31 12:30:00+00:00,15701
2024-01-31 13:00:00+00:00,15997
2024-01-31 13:30:00+00:00,15868
2024-01-31 14:00:00+00:00,15818
2024-01-31 14:30:00+00:00,15691
2024-01-31 15:00:00+00:00,15911
2024-01-31 15:30:00+00:00,15865
2024-01-31 16:00:00+00:00,15762
2024-01-31 16:30:00+00:00,15544
2024-01-31 17:00:00+00:00,15683
2024-01-31 17:30:00+00:00,15654
2024-01-31 18:00:00+00:00,15411
2024-01-31 18:30:00+00:00,15736
2024-01-31 19:00:00+00:00,15812
2024-01-31 19:30:00+00:00,15661
2024-01-31 20:00:00+00:00,15684
2024-01-31 20:30:00+00:00,15827
2024-01-31 21:00:00+00:00,15757
2024-01-31 21:30:00+00:00,15719
2024-01-31 22:00:00+00:00,15490
2024-01-31 22:30:00+00:00,14908
2024-01-31 23:00:00+00:00,14595
2024-01-31 23:30:00+00:00,14355
